outlet,category
Science Daily,PressRelease
Popular Science,SciTech
USNews.com,General
NPR,General
Newsweek,General
Yahoo!,General
Buzzfeed,General
Smithsonian Magazine,SciTech
Science/AAAS,SciTech
Business Insider,General
Physician's Briefing,PressRelease
Health Medicinet,PressRelease
Quartz,SciTech
Yahoo! Finance USA,General
MSN,General
National Geographic,SciTech
Discover Magazine,SciTech
The Atlantic,General
Harvard Business Review ,
TIME Magazine,General
Arstechnica,SciTech
Vox.com,General
Scientific American,SciTech
Women's Health,SciTech
Bustle,General
Tech Times,SciTech
CNET,SciTech
Vice,General
Popular Mechanics,SciTech
Men's Health,SciTech
Salon,General
MIT Technology Review,SciTech
CNBC,General
Physician's Weekly,SciTech
Business Wire,General
Space.com,SciTech
Mother Jones,General
Wired.com,General
Slate Magazine,General
TODAY,General
AOL,General
Politico Magazine ,
Psych Central,SciTech
Newswise,PressRelease
Health Canal,SciTech
Medical Daily,SciTech
Technology.org,PressRelease
Parent Herald,General
Futurity,PressRelease
redOrbit,SciTech
Sign of the Times,General
She Knows,General
Science World Report,SciTech
Headlines & Global News,General
The Epoch Times,General
My Science,SciTech
KPBS,General
Kansas Public Radio,General
The Inquisitr,General
The San Diego Union-Tribune,General
WABE,General
Mongabay,SciTech
Newser,General
Public Radio International,General
Technology Networks,SciTech
The Columbian,General
PBS,General
azfamily.com,General
Clinical Advisor,SciTech
Elite Daily,General
Doctors Lounge,SciTech
Drugs.com,SciTech
Prevention,SciTech
Equities.com,General
Infection Control Today,SciTech
Pediatric News ,
UBM Medica,SciTech
Nanowerk,PressRelease
UPI.com,General
Benzinga,General
PR Newswire,PressRelease
HowStuffWorks,General
Inverse,General
ECN,SciTech
The Seattle Times,General
Science Alert,SciTech
2 Minute Medicine ,
Seed Daily,SciTech
Centre for Disease Research and Policy,SciTech
Sci-News,SciTech
Christian Science Monitor,General
GEN,SciTech
Nature World News,SciTech
Sky Nightly ,
Lab Manager ,
St. Louis Post-Dispatch,General
SeedQuest,SciTech
Oregon Public Broadcasting,General
American Council on Science and Health,SciTech
Space Daily,SciTech
Alternet,General
Common Dreams,General
The Raw Story,General
WBUR,General
The University of New Orleans Public Radio ,
Lifehacker,General
Outside,General
Journalist's Resource,SciTech
AJMC,PressRelease
Guardian Liberty Voice,General
Medium US,General
Fast Company,General
American Physical Society - Physics ,
Tech Xplore,SciTech
Google News,General
WebMD News,SciTech
Real Clear Science,SciTech
CBS News,General
Voice of America,General
newsmax.com,General
WPTV 5 West Palm Beach,General
ABC News,General
The Atlanta Journal Constitution,General
The Daily Caller,General
The Daily Meal,SciTech
Medicinenet,SciTech
Springfield News Sun,General
LiveScience,SciTech
Health Day ,
The Advocate ,
Everyday Health,SciTech
Pharmacy Times,SciTech
Herald Tribune ,
ABC News WMUR 9,General
The ASCO Post,SciTech
Pacific Standard,General
SPIE Newsroom,SciTech
EarthSky,SciTech
Oncology Nurse Advisor ,
International Business Times,General
The Ecologist,SciTech
7th Space Family Portal,PressRelease
Insurance News Net,General
Mic,General
Philly.com,General
hellogiggles.com,General
Renal & Urology News,SciTech
MarketWatch,General
Homeland Security News Wire,General
Science 2.0,SciTech
Environmental News Network,PressRelease
BioTech Gate,SciTech
Rocket News,General
The Daily Beast,General
Carbon Brief,SciTech
Becker's Spine Review,SciTech
Georgia Public Radio,General
Psychology Today,SciTech
New York Daily News,General
Mother Nature Network,SciTech
Action News Now,General
Statesman.com,General
The Denver Post,General
Reason,General
TCTMD,SciTech
Counsel & Heal ,
Astrobiology Magazine,SciTech
Health,SciTech
Houston Chronicle,General
Health Imaging,SciTech
Biospace,SciTech
Idaho Statements,General
The Verge,General
Becker's Hospital Review,SciTech
The University Herald,General
Nutra Ingredients USA,SciTech
Medcity News,SciTech
Green Car Congress,SciTech
KERA News,General
Minyanville: Finance ,
Inc.,General
Fight Aging!,SciTech
Healthline ,
OnMedica,SciTech
MinnPost,General
KTEN,General
Emaxhealth.com,PressRelease
MIT News,PressRelease
PR Web,PressRelease
WCBE ,
PM 360,SciTech
Government Executive,General
Runner's World,SciTech
Wyoming Public Radio,General
Brookings,General
KPCC : Southern California Public Radio,General
Inside Science,SciTech
WLRN,General
WJCT,General
Kansas City Star,General
The Hill,General
Cardiovascular Business,SciTech
Star Tribune,General
The Week,General
The New York Observer,General
KUNC,General
Boise State Public Radio,General
Relief Web,PressRelease
SFGate,General
New York Magazine,General
The Deseret News,General
R&D,SciTech
Drug Discovery and Development ,
Bio-Medicine.org,PressRelease
Sun Herald,General
Northwest Indiana Times,General
Billings Gazette,General
Winona Daily News,General
Lincoln Journal Star,General
Value Walk,General
Alaska Despatch News,General
Cornell Chronicle,PressRelease
WTOP,General
Lexington Herald Leader,General
Dayton Daily News,General
Hawaii News Now,General
FiveThirtyEight,General
North East Public Radio,General
US News Health,SciTech
Herald Sun,General
Kansas City University Radio,General
ABC 7 WKBW Buffalo,General
The Body,SciTech
Pressfrom,General
WVPE,General
Raleigh News and Observer ,
WUWM,General
Witchita's Public Radio,General
Central Coast Public Radio,General
ABC News 15 Arizona,General
KCENG12,SciTech
The Wichita Eagle,General
WUNC,General
Arizona Public Radio,General
ABC Action News WFTS Tampa Bay,General
KiiiTV 3 ,
WVXU,General
WKAR,General
Iowa Public Radio,General
12 News KBMT,General
KRWG TV/FM,General
The Fresno Bee,General
KUOW,General
The Sacramento Bee,General
The Charlotte Observer,General
KUNM,General
King 5,General
SDPB Radio,General
Pettinga: Stock Market,General
Delmarva Public Radio,General
The Modesto Bee,General
Radio Acadie,General
New Hampshire Public Radio,General
The Bellingham Herald,General
Interlochen Public Radio,General
WRKF,General
Omaha Public Radio,General
Star-Telegram,General
News Channel,General
News Tribune,General
WYPR,General
Northern Public Radio,General
KOSU,General
KTEP El Paso,General
